{"train.rtm_pck_alstom_GTO_loop": { "category": "neutral", "sounds": ["train/rtm_pck_alstom_GTO_loop"] },"train.rtm_pck_alstom_GTO_motor0": { "category": "neutral", "sounds": ["train/rtm_pck_alstom_GTO_motor0"] },"train.rtm_pck_alstom_GTO_motor1": { "category": "neutral", "sounds": ["train/rtm_pck_alstom_GTO_motor1"] },"train.rtm_pck_alstom_GTO_motor2": { "category": "neutral", "sounds": ["train/rtm_pck_alstom_GTO_motor2"] },"train.rtm_pck_alstom_GTO_motor3": { "category": "neutral", "sounds": ["train/rtm_pck_alstom_GTO_motor3"] },"train.rtm_pck_alstom_GTO_motor4": { "category": "neutral", "sounds": ["train/rtm_pck_alstom_GTO_motor4"] },"train.rtm_pck_alstom_GTO_motor5": { "category": "neutral", "sounds": ["train/rtm_pck_alstom_GTO_motor5"] },"train.rtm_pck_alstom_GTO_motor6": { "category": "neutral", "sounds": ["train/rtm_pck_alstom_GTO_motor6"] },"train.rtm_pck_alstom_GTO_motor7": { "category": "neutral", "sounds": ["train/rtm_pck_alstom_GTO_motor7"] },"train.rtm_pck_alstom_GTO_motor8": { "category": "neutral", "sounds": ["train/rtm_pck_alstom_GTO_motor8"] },"train.rtm_pck_alstom_GTO_motor9": { "category": "neutral", "sounds": ["train/rtm_pck_alstom_GTO_motor9"] },"train.rtm_pck_alstom_GTO_run0": { "category": "neutral", "sounds": ["train/rtm_pck_alstom_GTO_run0"] },"train.rtm_pck_alstom_GTO_run1": { "category": "neutral", "sounds": ["train/rtm_pck_alstom_GTO_run1"] },"train.rtm_pck_alstom_GTO_run2": { "category": "neutral", "sounds": ["train/rtm_pck_alstom_GTO_run2"] },"train.rtm_pck_deadsection_type1": { "category": "neutral", "sounds": ["train/rtm_pck_deadsection_type1"] },"train.rtm_pck_doorBeep_type1": { "category": "neutral", "sounds": ["train/rtm_pck_doorBeep_type1"] },"train.rtm_pck_mitsubishi_Chopper_0": { "category": "neutral", "sounds": ["train/rtm_pck_mitsubishi_Chopper_0"] },"train.rtm_pck_mitsubishi_Chopper_1": { "category": "neutral", "sounds": ["train/rtm_pck_mitsubishi_Chopper_1"] },"train.rtm_pck_mitsubishi_Chopper_2": { "category": "neutral", "sounds": ["train/rtm_pck_mitsubishi_Chopper_2"] },"train.rtm_pck_mitsubishi_Chopper_3": { "category": "neutral", "sounds": ["train/rtm_pck_mitsubishi_Chopper_3"] },"train.rtm_pck_mitsubishi_Chopper_4": { "category": "neutral", "sounds": ["train/rtm_pck_mitsubishi_Chopper_4"] },"train.rtm_pck_mitsubishi_Chopper_5": { "category": "neutral", "sounds": ["train/rtm_pck_mitsubishi_Chopper_5"] },"train.rtm_pck_mitsubishi_Chopper_click": { "category": "neutral", "sounds": ["train/rtm_pck_mitsubishi_Chopper_click"] },"train.rtm_pck_mitsubishi_Chopper_loop": { "category": "neutral", "sounds": ["train/rtm_pck_mitsubishi_Chopper_loop"] },"train.rtm_pck_signalChange_type1": { "category": "neutral", "sounds": ["train/rtm_pck_signalChange_type1"] },"train.rtm_pck_signalChange_type2": { "category": "neutral", "sounds": ["train/rtm_pck_signalChange_type2"] },"train.rtm_pck_stationAlert_type1": { "category": "neutral", "sounds": ["train/rtm_pck_stationAlert_type1"] },"train.rtm_pck_toshiba_GTO_loop": { "category": "neutral", "sounds": ["train/rtm_pck_toshiba_GTO_loop"] },"train.rtm_pck_toshiba_GTO_motor0": { "category": "neutral", "sounds": ["train/rtm_pck_toshiba_GTO_motor0"] },"train.rtm_pck_toshiba_GTO_motor1": { "category": "neutral", "sounds": ["train/rtm_pck_toshiba_GTO_motor1"] },"train.rtm_pck_toshiba_GTO_motor10": { "category": "neutral", "sounds": ["train/rtm_pck_toshiba_GTO_motor10"] },"train.rtm_pck_toshiba_GTO_motor11": { "category": "neutral", "sounds": ["train/rtm_pck_toshiba_GTO_motor11"] },"train.rtm_pck_toshiba_GTO_motor12": { "category": "neutral", "sounds": ["train/rtm_pck_toshiba_GTO_motor12"] },"train.rtm_pck_toshiba_GTO_motor2": { "category": "neutral", "sounds": ["train/rtm_pck_toshiba_GTO_motor2"] },"train.rtm_pck_toshiba_GTO_motor3": { "category": "neutral", "sounds": ["train/rtm_pck_toshiba_GTO_motor3"] },"train.rtm_pck_toshiba_GTO_motor4": { "category": "neutral", "sounds": ["train/rtm_pck_toshiba_GTO_motor4"] },"train.rtm_pck_toshiba_GTO_motor5": { "category": "neutral", "sounds": ["train/rtm_pck_toshiba_GTO_motor5"] },"train.rtm_pck_toshiba_GTO_motor6": { "category": "neutral", "sounds": ["train/rtm_pck_toshiba_GTO_motor6"] },"train.rtm_pck_toshiba_GTO_motor7": { "category": "neutral", "sounds": ["train/rtm_pck_toshiba_GTO_motor7"] },"train.rtm_pck_toshiba_GTO_motor8": { "category": "neutral", "sounds": ["train/rtm_pck_toshiba_GTO_motor8"] },"train.rtm_pck_toshiba_GTO_motor9": { "category": "neutral", "sounds": ["train/rtm_pck_toshiba_GTO_motor9"] },"train.rtm_pck_toshiba_GTO_run0": { "category": "neutral", "sounds": ["train/rtm_pck_toshiba_GTO_run0"] },"train.rtm_pck_toshiba_GTO_run1": { "category": "neutral", "sounds": ["train/rtm_pck_toshiba_GTO_run1"] },"train.rtm_pck_toshiba_GTO_run2": { "category": "neutral", "sounds": ["train/rtm_pck_toshiba_GTO_run2"] },"train.rtm_pck_toshiba_IGBT_loop": { "category": "neutral", "sounds": ["train/rtm_pck_toshiba_IGBT_loop"] },"train.rtm_pck_toshiba_IGBT_motor0": { "category": "neutral", "sounds": ["train/rtm_pck_toshiba_IGBT_motor0"] },"train.rtm_pck_toshiba_IGBT_motor1": { "category": "neutral", "sounds": ["train/rtm_pck_toshiba_IGBT_motor1"] },"train.rtm_pck_toshiba_IGBT_motor10": { "category": "neutral", "sounds": ["train/rtm_pck_toshiba_IGBT_motor10"] },"train.rtm_pck_toshiba_IGBT_motor11": { "category": "neutral", "sounds": ["train/rtm_pck_toshiba_IGBT_motor11"] },"train.rtm_pck_toshiba_IGBT_motor12": { "category": "neutral", "sounds": ["train/rtm_pck_toshiba_IGBT_motor12"] },"train.rtm_pck_toshiba_IGBT_motor13": { "category": "neutral", "sounds": ["train/rtm_pck_toshiba_IGBT_motor13"] },"train.rtm_pck_toshiba_IGBT_motor14": { "category": "neutral", "sounds": ["train/rtm_pck_toshiba_IGBT_motor14"] },"train.rtm_pck_toshiba_IGBT_motor15": { "category": "neutral", "sounds": ["train/rtm_pck_toshiba_IGBT_motor15"] },"train.rtm_pck_toshiba_IGBT_motor2": { "category": "neutral", "sounds": ["train/rtm_pck_toshiba_IGBT_motor2"] },"train.rtm_pck_toshiba_IGBT_motor3": { "category": "neutral", "sounds": ["train/rtm_pck_toshiba_IGBT_motor3"] },"train.rtm_pck_toshiba_IGBT_motor4": { "category": "neutral", "sounds": ["train/rtm_pck_toshiba_IGBT_motor4"] },"train.rtm_pck_toshiba_IGBT_motor5": { "category": "neutral", "sounds": ["train/rtm_pck_toshiba_IGBT_motor5"] },"train.rtm_pck_toshiba_IGBT_motor6": { "category": "neutral", "sounds": ["train/rtm_pck_toshiba_IGBT_motor6"] },"train.rtm_pck_toshiba_IGBT_motor7": { "category": "neutral", "sounds": ["train/rtm_pck_toshiba_IGBT_motor7"] },"train.rtm_pck_toshiba_IGBT_motor8": { "category": "neutral", "sounds": ["train/rtm_pck_toshiba_IGBT_motor8"] },"train.rtm_pck_toshiba_IGBT_motor9": { "category": "neutral", "sounds": ["train/rtm_pck_toshiba_IGBT_motor9"] },"train.rtm_pck_toshiba_PMSM_motor0": { "category": "neutral", "sounds": ["train/rtm_pck_toshiba_PMSM_motor0"] },"train.rtm_pck_toshiba_PMSM_motor1": { "category": "neutral", "sounds": ["train/rtm_pck_toshiba_PMSM_motor1"] },"train.rtm_pck_toshiba_PMSM_motor2": { "category": "neutral", "sounds": ["train/rtm_pck_toshiba_PMSM_motor2"] },"train.rtm_pck_toshiba_PMSM_motor3": { "category": "neutral", "sounds": ["train/rtm_pck_toshiba_PMSM_motor3"] },"train.rtm_pck_toshiba_PMSM_motor4": { "category": "neutral", "sounds": ["train/rtm_pck_toshiba_PMSM_motor4"] },"train.rtm_pck_toshiba_PMSM_motor5": { "category": "neutral", "sounds": ["train/rtm_pck_toshiba_PMSM_motor5"] },"train.rtm_pck_toshiba_PMSM_motor6": { "category": "neutral", "sounds": ["train/rtm_pck_toshiba_PMSM_motor6"] },"train.rtm_pck_toshiba_PMSM_motor7": { "category": "neutral", "sounds": ["train/rtm_pck_toshiba_PMSM_motor7"] },"train.rtm_pck_toshiba_PMSM_motor8": { "category": "neutral", "sounds": ["train/rtm_pck_toshiba_PMSM_motor8"] },"train.rtm_pck_toshiba_PMSM_motor9": { "category": "neutral", "sounds": ["train/rtm_pck_toshiba_PMSM_motor9"] }}