{
  "train.rtm_klaxon0": {
    "category": "neutral",
    "sounds": [
      "train/rtm_klaxon0"
    ]
  },
       "train.rtm_Eolindal": {
    "category": "neutral",
    "sounds": [
      "train/rtm_Eolindal"
    ]
  },
  "train.rtm_california": {
    "category": "neutral",
    "sounds": [
      "train/rtm_california"
    ]
  },
  "train.rtm_sameroad": {
    "category": "neutral",
    "sounds": [
      "train/rtm_sameroad"
    ]
  },
  "train.rtm_jesus": {
    "category": "neutral",
    "sounds": [
      "train/rtm_jesus"
    ]
  },
"train.rtm_Springshower": {
    "category": "neutral",
    "sounds": [
      "train/rtm_Springshower"
    ]
  },
"train.rtm_Naljakuna": {
    "category": "neutral",
    "sounds": [
      "train/rtm_Naljakuna"
    ]
  },
 "train.Ccloud_airdoorclose": {
    "category": "neutral",
    "sounds": [
      "train/Ccloud_airdoorclose"
    ]
  },
  "train.Ccloud_airdooropen": {
    "category": "neutral",
    "sounds": [
      "train/Ccloud_airdooropen"
    ]
  },
"train.rtm_HC_ITXSdoorcls": {
    "category": "neutral",
    "sounds": [
      "train/rtm_HC_ITXSdoorcls"
    ]
  },
"train.rtm_HC_ITXSdoorclsb": {
    "category": "neutral",
    "sounds": [
      "train/rtm_HC_ITXSdoorclsb"
    ]
  },
"train.rtm_HC_ITXSdooropn": {
    "category": "neutral",
    "sounds": [
      "train/rtm_HC_ITXSdooropn"
    ]
  },
"train.rtm_HC_ITXSdoorShut": {
    "category": "neutral",
    "sounds": [
      "train/rtm_HC_ITXSdoorShut"
    ]
  },
"train.rtm_HC_trailer": {
    "category": "neutral",
    "sounds": [
      "train/rtm_HC_trailer"
    ]
  },
"train.rtm_HC_startsoon": {
    "category": "neutral",
    "sounds": [
      "train/rtm_HC_startsoon"
    ]
  },
"train.rtm_trailer": {
    "category": "neutral",
    "sounds": [
      "train/rtm_trailer"
    ]
  },
"train.rtm_HC_verybig_a": {
    "category": "neutral",
    "sounds": [
      "train/rtm_HC_verybig_a"
    ]
  },
"train.rtm_tunnel": {
    "category": "neutral",
    "sounds": [
      "train/tunnel"
    ]
  },
"train.rtm_HC_verybig_1": {
    "category": "neutral",
    "sounds": [
      "train/rtm_HC_verybig_1"
    ]
  },
"train.rtm_HC_verybignoise_B": {
    "category": "neutral",
    "sounds": [
      "train/rtm_HC_verybignoise_B"
    ]
  },
 "train.rtm_HC_idle": {
    "category": "neutral",
    "sounds": [
      "train/rtm_HC_idle"
    ]
  },
"train.rtm_HC_verybig_2": {
    "category": "neutral",
    "sounds": [
      "train/rtm_HC_verybig_2"
    ]
  },
"train.rtm_HC_verybig_3": {
    "category": "neutral",
    "sounds": [
      "train/rtm_HC_verybig_3"
    ]
  }
}