{
"trainName": "jikpowercar_mugold",
"trainType": "DC",
"trainModel2": { "modelFile": "ModelTrain_jikgakpowercar.mqo",
                   "textures": [
["window", "textures/train/curvedpowercar/window.png", "AlphaBlend"],
["badak", "textures/train/curvedpowercar/badak.png"],
["black", "textures/train/curvedpowercar/black.png"],
["silver", "textures/train/curvedpowercar/silver.png"],
["sadari", "textures/train/curvedpowercar/sadari.png"],
["jibung", "textures/train/curvedpowercar/jibung.png"],
["habu", "textures/train/curvedpowercar/habu.png"],
["tongrodoor", "textures/train/curvedpowercar/tongrodoor.png"],
["white", "textures/train/curvedpowercar/white.png"],
["side", "textures/train/curvedpowercar/side_jikmugold.png"],
["front", "textures/train/curvedpowercar/jikmugoldfront.png"],
["side_1", "textures/train/curvedpowercar/side_jikmugold_1.png"],
["red", "textures/train/NDC/red.png"],
["jibungfront", "textures/train/curvedpowercar/jibungwhite.png"]
]},

"bogieModel2": { "modelFile": "ModelBogie_DT22.mqo",
                   "textures": [["default", "textures/train/DT138nop.png"]]},

"buttonTexture": "textures/train/curvedpowercar/button_jikgakpowercar.png",
"seatPos": [[0, 0, 0, 0]],
"renderLight": true,
"smoothing": true,
"playerPos": [[0.8, 0.2, 7.2], [-0.8, 0.2, -7.2]],
"bogiePos": [[0.0, 0.0, 5.4], [0.0, 0.0, -5.4]],

   "sound_S_A": "train.rtm_dc40r_go-a",
  "sound_Acceleration": "train.rtm_dc40r_a",
  "sound_Deceleration": "train.rtm_dc40r_i",
  "sound_D_S": "train.rtm_dc40r_i-stop",

	  "maxSpeed": [0.40, 0.84, 1.08, 1.39, 1.67],
"tags": "Korail",
"trainDistance": 8.0,
  "rolling": 0.2
}