{

"trainName": "KoPresidentcoach",

"trainType": "DC",

"trainModel2": { "modelFile": "ModelTrain_KoPresidentcoach.mqo",
                   "textures": [["habu", "textures/train/KoPresidentcoach/habu.png"],
["gray", "textures/train/KoPresidentcoach/gray.png"],
["white", "textures/train/KoPresidentcoach/white.png"],
["black", "textures/train/KoPresidentcoach/black.png"],
["tongrodoor", "textures/train/KoPresidentcoach/tongrodoor.png"],
["silver", "textures/train/KoPresidentcoach/silver.png"],
["cheonjang", "textures/train/KoPresidentcoach/cheonjang.png"],
["darksilver", "textures/train/KoPresidentcoach/darksilver.png"],
["side", "textures/train/KoPresidentcoach/sidebrown.png"],
["bottom", "textures/train/KoPresidentcoach/bottom.png"],
["mak", "textures/train/KoPresidentcoach/mak.png"],
["wood", "textures/train/KoPresidentcoach/wood.png"],
["generator", "textures/train/KoPresidentcoach/bottom.png"],
["darkbrown", "textures/train/KoPresidentcoach/darkbrown.png"],
["darkred", "textures/train/KoPresidentcoach/darkred.png"],
["chairimsi", "textures/train/KoPresidentcoach/chairimsi.png"],
["keoteun", "textures/train/KoPresidentcoach/keoteun.png"],
["sofa", "textures/train/KoPresidentcoach/sofa.png"],
["presidentflag", "textures/train/KoPresidentcoach/presidentflag.png"],
["lightbrown", "textures/train/KoPresidentcoach/lightbrown.png"],
["red", "textures/train/KoPresidentcoach/red.png"]
]},

"bogieModel2": { "modelFile": "TR73_wide.mqo",
                   "textures": [["TR73", "textures/train/DT138nop.png"]]},

"buttonTexture": "textures/train/KoPresidentcoach/button_president.png",

  "sound_S_A": "sound_nopkr:train.rtm_trailer",
  "sound_Acceleration": "sound_nopkr:train.rtm_trailer",
  "sound_Deceleration": "sound_nopkr:train.rtm_trailer",
  "sound_D_S": "sound_nopkr:train.rtm_trailer",
"sound_DoorOpen": "sound_nopkr:train.Ccloud_airdooropen",
"sound_DoorClose": "sound_nopkr:train.Ccloud_airdoorclose",

"sound_Announcement": [["Eolindal", "sound_nopkr:train.rtm_Eolindal"],["BomSonagi", "sound_nopkr:train.rtm_Springshower"],
["Naljakuna", "sound_nopkr:train.rtm_Naljakuna"]],

"slotPos": [[1.18, 0.012, -7.5, 2], [1.18, 0.012, -6.5, 2],[1.18, 0.012, -5.5, 2], [1.18, 0.012, -4.5, 2], [1.18, 0.012, -3.6, 2], [1.18, 0.012, -2.6, 2], [1.18, 0.012, -1.6, 2],          [1.18, 0.012, -0.6, 2], [1.18, 0.012, 0.3, 2], [1.18, 0.012, 1.3, 2], [1.15, 0.012, 2.3, 2], [1.18, 0.012, 3.3, 2],         [1.18, 0.012, 4.2, 2], [1.18, 0.012, 5.2, 2], [1.18, 0.012, 6.2, 2] , [1.18, 0.012, 7.1, 2]   ,     [-1.18, 0.012, -7.5, 2], [-1.18, 0.012, -6.5, 2],[-1.18, 0.012, -5.5, 2], [-1.18, 0.012, -4.5, 2], [-1.18, 0.012, -3.6, 2], [-1.18, 0.012, -2.6, 2], [-1.18, 0.012, -1.6, 2],          [-1.18, 0.012, -0.6, 2], [-1.18, 0.012, 0.3, 2], [-1.18, 0.012, 1.3, 2], [1.18, 0.012, 2.3, 2], [-1.18, 0.012, 3.3, 2],         [-1.18, 0.012, 4.2, 2], [-1.18, 0.012, 5.2, 2], [-1.18, 0.012, 6.2, 2] ,[-1.18, 0.012 ,7.1, 2]    ],

"door_left": [
 {"objects": ["door_LF"],
 "pos": [1.3444, 0.0, 9.3763],
 "transform": [[-88.0 , 0.0, 1.0, 0.0]]}
],

"door_right": [
 {"objects": ["door_RF"],
 "pos": [-1.3444, 0.0, 9.3763],
 "transform": [[88.0 , 0.0, 1.0, 0.0]]}
],

"interiorLights": [
	{"pos": [0.0, 2.4, 4.0]},
	{"pos": [0.0, 2.4, -4.0]}],

"renderLight": true, "smoothing": true,
"playerPos": [[0.0, 0.2, -9.9], [0.0, 0.2, -9.9]],
"bogiePos": [[0.0, 0.0, 7.3], [0.0, 0.0, -7.3]],
"tags": "PRESIDENT",
"trainDistance": 10.75

}