{
"trainName": "curvedpowercar_saeold",
"trainType": "DC",
"trainModel2": { "modelFile": "ModelTrain_curvedpowercar.mqo",
                   "textures": [["badak", "textures/train/curvedpowercar/badak.png"],
["black", "textures/train/curvedpowercar/black.png"],
["side", "textures/train/curvedpowercar/side_saeold.png"],
["transparent", "textures/train/curvedpowercar/transparent.png"],
["white", "textures/train/curvedpowercar/white.png"],
["upbid", "textures/train/curvedpowercar/upbid_yellow.png"],
["downbid", "textures/train/curvedpowercar/downbid_green.png"],
["silver", "textures/train/curvedpowercar/silver.png"],
["sadari", "textures/train/curvedpowercar/sadari.png"],
["side1", "textures/train/curvedpowercar/side_saeold_1.png"],
["jibung", "textures/train/curvedpowercar/jibung.png"],
["habu", "textures/train/curvedpowercar/habu.png"],
["window", "textures/train/curvedpowercar/window.png", "AlphaBlend"],
["tongrodoor", "textures/train/curvedpowercar/tongrodoor.png"]
]},

"bogieModel3": [
  {
      "modelFile": "ModelBogie_curvedpowercar.mqo",
      "textures": [["default", "textures/train/bogiecurvedpowercar.png"]]
    },
    {
      "modelFile": "ModelBogie_curvedpowercar.mqo",
      "textures": [["default", "textures/train/bogiecurvedpowercar.png"]]
    }
],

"buttonTexture": "textures/train/curvedpowercar/button_curvedpowercar.png",
"seatPos": [[0, 0, 0, 0]],
"renderLight": true,
"smoothing": true,
"playerPos": [[0.8, 0.2, 8.2], [-0.8, 0.2, -8.2]],
"bogiePos": [[0.0, 0.0, 6.0], [0.0, 0.0, -6.0]],

   "sound_S_A": "train.rtm_dc40r_go-a",
  "sound_Acceleration": "train.rtm_dc40r_a",
  "sound_Deceleration": "train.rtm_dc40r_i",
  "sound_D_S": "train.rtm_dc40r_i-stop",

	  "maxSpeed": [0.40, 0.84, 1.08, 1.39, 1.67],
"tags": "Korail",
"trainDistance": 9.0,
  "rolling": 0.2
}