{
"trainName": "jeonmangpowercar",
"trainType": "DC",
"trainModel2": { "modelFile": "ModelTrain_jeonmangpowercar.mqo",
                   "textures": [["badak", "textures/train/curvedpowercar/badak.png"],
["black", "textures/train/curvedpowercar/black.png"],
["silver", "textures/train/curvedpowercar/silver.png"],
["sadari", "textures/train/curvedpowercar/sadari.png"],
["jibung", "textures/train/curvedpowercar/jibung.png"],
["habu", "textures/train/curvedpowercar/habu.png"],
["tongrodoor", "textures/train/curvedpowercar/tongrodoor.png"],
["white", "textures/train/curvedpowercar/whitebrown.png"],
["side", "textures/train/curvedpowercar/side_jeonmang.png"],
["front", "textures/train/curvedpowercar/jeonmangfront.png"],
["jibungblue", "textures/train/curvedpowercar/jibungblue.png"],
["circle", "textures/train/curvedpowercar/circle.png"],
["window", "textures/train/curvedpowercar/window.png", "AlphaBlend"]
]},

"bogieModel2": { "modelFile": "ModelBogie_DT22.mqo",
                   "textures": [["default", "textures/train/DT138nop.png"]]},

"buttonTexture": "textures/train/curvedpowercar/button_jeonmangpowercar.png",
"seatPos": [[0, 0, 0, 0]],
"renderLight": true,
"smoothing": true,
"playerPos": [[0.8, 0.2, 8.2], [-0.8, 0.2, -8.2]],
"bogiePos": [[0.0, 0.0, 6.0], [0.0, 0.0, -6.0]],

   "sound_S_A": "train.rtm_dc40r_go-a",
  "sound_Acceleration": "train.rtm_dc40r_a",
  "sound_Deceleration": "train.rtm_dc40r_i",
  "sound_D_S": "train.rtm_dc40r_i-stop",

	  "maxSpeed": [0.40, 0.84, 1.08, 1.39, 1.67],
"tags": "Korail",
"trainDistance": 9.0,
  "rolling": 0.2
}