{

"trainName": "korail150000_front",

"trainType": "EC",


"trainModel2": { "modelFile": "ModelTrain_korail150000_frontimsi.mqo",
            "textures": [
                                ["gray", "textures/train/ITXCheongchun/gray.png"],
["lightgray", "textures/train/ITXCheongchun/lightgray.png"],
["darkgray", "textures/train/ITXCheongchun/darkgray.png"],
["window5", "textures/train/ITXCheongchun/shadow.png", "AlphaBlend"],
["linemap", "textures/train/ITXCheongchun/linemap.png"],
["paechal", "textures/train/ITXCheongchun/paechal.png"],
["mak", "textures/train/ITX_Cheongchun/mak.png"],
["backin", "textures/train/ITX_Cheongchun/backin.png"],
["white", "textures/train/ITXCheongchun/white.png"],
["canmagi", "textures/train/ITX_Cheongchun/canmagi.png"],
["canmagi1", "textures/train/ITX_Cheongchun/canmagi_1.png"],
["jibung1", "textures/train/ITX_Cheongchun/jibung1.png"],
["cheonjang", "textures/train/ITX_Cheongchun/cheonjang.png"],
["badak", "textures/train/ITX_Cheongchun/badak1.png"],
["chair", "textures/train/ITX_Cheongchun/chair2.png"],
["screen", "textures/train/ITX_Cheongchun/screen.png"],
["aircon", "textures/train/ITX_Cheongchun/aircon.png"],
["Undera", "textures/train/ITXCheongchun/underan.png"],
["eumside", "textures/train/ITX_Cheongchun/eumsidefront.png"],
["eumblue", "textures/train/ITX_Cheongchun/eumblue.png"],
["black", "textures/train/Limited/black.png"],
["window", "textures/train/Limited/window.png", "AlphaBlend"],
["toilet", "textures/train/ITXCheongchun/toilet.png"],
["door", "textures/train/ITX_Cheongchun/door.png"],
["avod", "textures/train/ITX_Cheongchun/avod.png"],
["chairinfo", "textures/train/ITX_Cheongchun/chairinfo.png"],
["sideled", "textures/train/ITX_Cheongchun/sideled.png"],
["eumblack", "textures/train/ITX_Cheongchun/eumblack.png"],
["canmagifront", "textures/train/ITX_Cheongchun/canmagifront.png"],
["frontside", "textures/train/ITX_Cheongchun/frontside.png"],
["front", "textures/train/ITX_Cheongchun/front.png"],
["door_u", "textures/train/ITX_Cheongchun/door_u.png"],
["doorbutton", "textures/train/ITX_Cheongchun/doorbutton.png"],
["gray_1", "textures/train/ITXCheongchun/gray_1.png"],
["gray_6", "textures/train/ITXCheongchun/gray_6.png"],
["eum_logo", "textures/train/ITX_Cheongchun/eum_logo.png"]
]},

"bogieModel2": { "modelFile": "WDT59for1435eum.mqo",
                   "textures": [["DT138", "textures/train/DT138shin.png"]]},

"buttonTexture": "textures/train/ITX_Cheongchun/button_eumtc.png",

"muteJointSound": true,
"soundScriptPath": "scripts/nopkorail_toshibaIGBT.js",
"sound_Horn": "sound_nopkr:train.rtm_klaxon0",
"sound_DoorClose": "sound_nopkr:train.rtm_HC_ITXSdoorclsb",
"sound_DoorOpen": "sound_nopkr:train.rtm_HC_ITXSdooropn",

"sound_Announcement": [["California", "sound_nopkr:train.rtm_california"],["Jesus", "sound_nopkr:train.rtm_jesus"],
["Sameroad", "sound_nopkr:train.rtm_sameroad"]],

"door_left": [
 {"objects": ["door_L"],
 "pos": [0.0, 0.0, 0.0],
 "transform": [[0.09, 0.0, 1.0]]},
{"objects": ["door_LU"],
 "pos": [0.0, 0.0, 0.0],
 "transform": [[0.31, 0.0, 0.0]]},
{"objects": ["door_LU2"],
 "pos": [0.0, 0.0, 0.0],
 "transform": [[0.12, 0.0, 0.0]]}
],

"door_right": [
 {"objects": ["door_R"],
 "pos": [0.0, 0.0, 0.0],
 "transform": [[-0.09, 0.0, 1.0]]},
{"objects": ["door_RU"],
 "pos": [0.0, 0.0, 0.0],
 "transform": [[-0.31, 0.0, 0.0]]},
{"objects": ["door_RU2"],
 "pos": [0.0, 0.0, 0.0],
 "transform": [[-0.12, 0.0, 0.0]]}
],

"interiorLights": [
		{
			"pos": [0.0, 2.5, 7.0]
		},
		{
			"pos": [0.0, 2.5, -7.0]
		}
	],

"slotPos": [[1.18, -0.12, -7.0, 2], [1.18, -0.12, -6.0, 2],[1.18, -0.12, -5.0, 2], [1.18, -0.12, -4.0, 2], [1.18, -0.12, -3.1, 2], [1.18, -0.12, -2.1, 2], [1.18, -0.12, -1.1, 2],
[1.18, -0.12, -0.1, 2], [1.18, -0.12, -0.2, 2], [1.18, -0.12, 0.8, 2], [1.15, -0.12, 1.8, 2], [1.18, -0.12, 2.8, 2],
[1.18, -0.12, 3.7, 2], [1.18, -0.12, 4.7, 2], [1.18, -0.12, 5.7, 2] , [1.18, -0.12, 6.6, 2],
[-1.18, -0.12, -7.0, 2], [-1.18, -0.12, -6.0, 2],[-1.18, -0.12, -5.0, 2], [-1.18, -0.12, -4.0, 2],
[-1.18, -0.12, -3.1, 2], [-1.18, -0.12, -2.1, 2], [-1.18, -0.12, -1.1, 2],
[-1.18, -0.12, -0.1, 2], [-1.18, -0.12, -0.2, 2], [-1.18, -0.12, 0.8, 2], [1.18, -0.12, 1.8, 2], [-1.18, -0.12, 2.8, 2],
[-1.18, -0.12, 3.8, 2], [-1.18, -0.12, 4.7, 2], [-1.18, -0.12, 5.7, 2] ,[-1.18, -0.12, 6.6, 2]],


  "accelerateion": 0.0030832,
"customIconTexture": "minecraft:textures/train/ITX_Cheongchun/icon_eum.png",
"maxSpeed": [0.41, 1.47, 2.77, 3.6, 4.44],
"renderLight": true,
"smoothing": true,
"playerPos": [[-0, 0.2, 9.4], [-0, 0.2, -9.4]],
"bogiePos": [[0.0, 0.0, 7.2], [0.0, 0.0, -9.8]],
"tags": "EUM",
"trainDistance": 13.5

}