{
"trainName": "haitaiarmy",
"trainType": "DC",
"trainModel2": { "modelFile": "ModelTrain_haitaiarmy.mqo",
                   "textures": [
["badak", "textures/train/Limited/badak.png"],
["gray", "textures/train/NDC/gray.png"],
["insidebrown", "textures/train/Limited/insidebrown.png"],
["white", "textures/train/NDC/white.png"],
["red", "textures/train/NDC/red.png"],
["black", "textures/train/Limited/black.png"],
["tongrodoor1", "textures/train/Limited/tongrodoor2.png"],
["silver", "textures/train/NDC/silver.png"],
["cheonjang", "textures/train/Limited/cheonjang.png"],
["jibung", "textures/train/NDC/jibung.png"],
["aircon", "textures/train/NDC/aircon.png"],
["toiletdoor", "textures/train/NDC/toiletdoor.png"],
["darksilver", "textures/train/NDC/darksilver.png"],
["side", "textures/train/Limited/haitaisidearmy.png"],
["wood", "textures/train/Limited/wood.png"],
["window", "textures/train/Limited/window.png", "AlphaBlend"],
["tongrodoor", "textures/train/NDC/tongrodoor.png"],
["salgu", "textures/train/Limited/salgu.png"],
["habu", "textures/train/NDC/habu.png"],
["bottom", "textures/train/postcar/bottom.png"],
["screen", "textures/train/Limited/screen.png"],
["dangjik", "textures/train/Limited/dangjik.png"],
["sinjo", "textures/train/Limited/sinjo.png"],
["yellow", "textures/train/Limited/yellow.png"],
["bell", "textures/train/Limited/bell.png"],
["trashblue", "textures/train/Limited/trashblue.png"],
["keoteun", "textures/train/Limited/keoteun.png"],
["vending", "textures/train/Limited/vending.png"],
["cupside", "textures/train/Limited/cupside.png"],
["cuptop", "textures/train/Limited/cuptop.png"],
["novel", "textures/train/Limited/novel.png"]
]},

"bogieModel3": [
  {
      "modelFile": "ModelBogie_curvedpowercar.mqo",
      "textures": [["default", "textures/train/bogiecurvedpowercar.png"]]
    },
    {
      "modelFile": "ModelBogie_curvedpowercar.mqo",
      "textures": [["default", "textures/train/bogiecurvedpowercar.png"]]
    }
],

"buttonTexture": "textures/train/Limited/button_haitaiarmy.png",

  "sound_S_A": "sound_nopkr:train.rtm_trailer",
  "sound_Acceleration": "sound_nopkr:train.rtm_trailer",
  "sound_Deceleration": "sound_nopkr:train.rtm_trailer",
  "sound_D_S": "sound_nopkr:train.rtm_trailer",
"sound_DoorOpen": "sound_nopkr:train.Ccloud_airdooropen",
"sound_DoorClose": "sound_nopkr:train.Ccloud_airdoorclose",

"sound_Announcement": [["Eolindal", "sound_nopkr:train.rtm_Eolindal"],["BomSonagi", "sound_nopkr:train.rtm_Springshower"],
["Naljakuna", "sound_nopkr:train.rtm_Naljakuna"]],

"slotPos": [[-0.8, 0.012, -7.5, 2], [-0.8, 0.012, -6.5, 2],[-0.8, 0.012, -5.5, 2], [-0.8, 0.012, -4.5, 2], [-0.8, 0.012, -3.6, 2], [-0.8, 0.012, -2.6, 2], [-0.8, 0.012, -1.6, 2],          [-0.8, 0.012, -0.6, 2], [-0.8, 0.012, 0.3, 2], [-0.8, 0.012, 1.3, 2], [-0.8, 0.012, 2.3, 2], [-0.8, 0.012, 3.3, 2],         [-0.8, 0.012, 4.2, 2], [-0.8, 0.012, 5.2, 2], [-0.8, 0.012, 6.2, 2] , [-0.8, 0.012, 7.1, 2]   ,     [-0.1, 0.012, -7.5, 2], [-0.1, 0.012, -6.5, 2],[-0.1, 0.012, -5.5, 2], [-0.1, 0.012, -4.5, 2], [-0.1, 0.012, -3.6, 2], [-0.1, 0.012, -2.6, 2], [-0.1, 0.012, -1.6, 2],          [-0.1, 0.012, -0.6, 2], [-0.1, 0.012, 0.3, 2], [-0.1, 0.012, 1.3, 2], [0.1, 0.012, 2.3, 2], [-0.1, 0.012, 3.3, 2],         [-0.1, 0.012, 4.2, 2], [-0.1, 0.012, 5.2, 2], [-0.1, 0.012, 6.2, 2] ,[-0.1, 0.012 ,7.1, 2]    ],

"door_left": [
 {"objects": ["door_LF"],
 "pos": [0.0, 0.0, 0.0],
 "transform": [[0.08, 0.0, -0.7]]},
 {"objects": ["door_LB"],
 "pos": [0.0, 0.0, 0.0],
 "transform": [[0.08, 0.0, 0.7]]}
],

"door_right": [
 {"objects": ["door_RF"],
 "pos": [0.0, 0.0, 0.0],
 "transform": [[-0.08, 0.0, -0.7]]},
 {"objects": ["door_RB"],
 "pos": [0.0, 0.0, 0.0],
 "transform": [[-0.08, 0.0, 0.7]]}
],

"renderLight": true,
"doCulling": true,
"smoothing": true,
"playerPos": [[-0.81, 0.2, 8.6], [-0, 0.2, -10.7]],
"bogiePos": [[0.0, 0.0, 8.2], [0.0, 0.0, -8.2]],
"customIconTexture": "minecraft:textures/train/Limited/icon_army.png",

"interiorLights": [
	{"pos": [0.0, 2.4, 4.0]},
	{"pos": [0.0, 2.4, -4.0]}],
"isSingleTrain":true,
"maxSpeed": [0.06, 0.12, 0.18, 0.24, 0.25],
  "rolling": 0.2,
"tags": "Korail",
"trainDistance": 11.8
}