{

"trainName": "postcar",

"trainType": "DC",

"trainModel2": {
      "modelFile": "ModelTrain_trainkit_epost.mqo",
      
"textures": [
["base", "textures/train/postcar/epost.png"],

          ["door1", "textures/train/postcar/bottom.png"]]
   },



"bogieModel3": [
  {
      "modelFile": "ModelBogie_curvedpowercar.mqo",
      "textures": [["default", "textures/train/bogiecurvedpowercar.png"]]
    },
    {
      "modelFile": "ModelBogie_curvedpowercar.mqo",
      "textures": [["default", "textures/train/bogiecurvedpowercar.png"]]
    }
],


"buttonTexture": "textures/train/postcar/button_post.png",

"sound_S_A": "sound_nopkr:train.rtm_trailer",
  "sound_Acceleration": "sound_nopkr:train.rtm_trailer",
  "sound_Deceleration": "sound_nopkr:train.rtm_trailer",
  "sound_D_S": "sound_nopkr:train.rtm_trailer",

"sound_DoorOpen": "sound_nopkr:train.Ccloud_airdooropen",
"sound_DoorClose": "sound_nopkr:train.Ccloud_airdoorclose",

"sound_Announcement": [["Eolindal", "sound_nopkr:train.rtm_Eolindal"],["BomSonagi", "sound_nopkr:train.rtm_Springshower"],
["Naljakuna", "sound_nopkr:train.rtm_Naljakuna"]],


"seatPos": [ ],





"renderLight": true, "smoothing": true,
"playerPos": [[0.8, 0.2, 9.2], [-0.8, 0.2, -9.2]],
"bogiePos": [[0.0, 0.0, 7.3], [0.0, 0.0, -7.3]],
"tags": "POST",
"trainDistance": 10.3

}