{
"trainName": "limitedcoachbuffet",
"trainType": "DC",
"trainModel2": { "modelFile": "ModelTrain_limitedcoachbuffet2.mqo",
                   "textures": [
["hangson", "textures/train/Limited/son1.png"],
["badak", "textures/train/Limited/badaksae.png"],
["gray", "textures/train/NDC/gray.png"],
["insidebrown", "textures/train/Limited/insidebrown.png"],
["white", "textures/train/NDC/white.png"],
["red", "textures/train/NDC/red.png"],
["black", "textures/train/Limited/black.png"],
["silver", "textures/train/NDC/silver.png"],
["cheonjang", "textures/train/Limited/cheonjanglimit.png"],
["jibung", "textures/train/NDC/jibung.png"],
["darksilver", "textures/train/NDC/darksilver.png"],
["tongrodoor", "textures/train/NDC/tongrodoor.png"],
["side", "textures/train/Limited/limitedsideoldrest.png"],
["side_1", "textures/train/Limited/limitedsideoldrest_1.png"],
["darkgray", "textures/train/ITXCheongchun/darkgray.png"],
["canmagi", "textures/train/ITXCheongchun/canmagi.png"],
["canmagi1", "textures/train/ITXCheongchun/canmagi_1.png"],
["window", "textures/train/Limited/window.png", "AlphaBlend"],
["advertisement", "textures/train/Limited/advertisement.png"],
["lightgray", "textures/train/Limited/lightgray.png"],
["tofu", "textures/train/Limited/tofu.png"],
["frifan", "textures/train/Limited/frifan.png"],
["papercup", "textures/train/Limited/papercup.png"],
["sideolive", "textures/train/Limited/sideolive.png"],
["cookiefront", "textures/train/Limited/herbcookiefront.png"],
["cookieback", "textures/train/Limited/herbcookieback.png"],
["sidebrown", "textures/train/Limited/sidebrown.png"],
["sidedarkbrown", "textures/train/Limited/sidedarkbrown.png"],
["sidewhite", "textures/train/Limited/sidewhite.png"],
["sidegreen", "textures/train/Limited/sidegreen.png"],
["sideblack", "textures/train/Limited/sideblack.png"],
["kitchengray", "textures/train/Limited/kitchengray.png"],
["kitchen", "textures/train/Limited/kitchen.png"],
["menu", "textures/train/Limited/menu.png"],
["kitchenwindow", "textures/train/Limited/kitchenwindow.png", "AlphaBlend"],
["screen", "textures/train/Limited/screen.png"],
["grayblack", "textures/train/Limited/grayblack.png"],
["gingerfront", "textures/train/Limited/gingerbravefront.png"],
["gingerback", "textures/train/Limited/gingerbraveback.png"],
["gingerdarkbrown", "textures/train/Limited/sidedarkbrown.png"],
["cupside", "textures/train/Limited/cupside.png"],
["cuptop", "textures/train/Limited/cuptop.png"],
["darkchocofront", "textures/train/Limited/darkchocofront.png"],
["darkchocoback", "textures/train/Limited/darkchocoback.png"],
["sidesalgu", "textures/train/Limited/sidesalgu.png"],
["darkchocoblack", "textures/train/Limited/sideblack.png"],
["darkchocowhite", "textures/train/Limited/sidewhite.png"],
["chairimsi", "textures/train/Limited/chairimsi.png"],
["wood", "textures/train/Limited/wood.png"],
["sub", "textures/train/Limited/sub.png"]
]},

"bogieModel3": [
  {
      "modelFile": "ModelBogie_curvedpowercar.mqo",
      "textures": [["default", "textures/train/bogiecurvedpowercar.png"]]
    },
    {
      "modelFile": "ModelBogie_curvedpowercar.mqo",
      "textures": [["default", "textures/train/bogiecurvedpowercar.png"]]
    }
],

"buttonTexture": "textures/train/Limited/button_Limitedimsi.png",

  "sound_S_A": "sound_nopkr:train.rtm_trailer",
  "sound_Acceleration": "sound_nopkr:train.rtm_trailer",
  "sound_Deceleration": "sound_nopkr:train.rtm_trailer",
  "sound_D_S": "sound_nopkr:train.rtm_trailer",
"sound_DoorOpen": "sound_nopkr:train.Ccloud_airdooropen",
"sound_DoorClose": "sound_nopkr:train.Ccloud_airdoorclose",

"sound_Announcement": [["Eolindal", "sound_nopkr:train.rtm_Eolindal"],["BomSonagi", "sound_nopkr:train.rtm_Springshower"],
["Naljakuna", "sound_nopkr:train.rtm_Naljakuna"]],

"slotPos": [[1.18, 0.012, -7.5, 2], [1.18, 0.012, -6.5, 2],[1.18, 0.012, -5.5, 2], [1.18, 0.012, -4.5, 2], [1.18, 0.012, -3.6, 2], [1.18, 0.012, -2.6, 2], [1.18, 0.012, -1.6, 2],          [1.18, 0.012, -0.6, 2], [1.18, 0.012, 0.3, 2], [1.18, 0.012, 1.3, 2], [1.15, 0.012, 2.3, 2], [1.18, 0.012, 3.3, 2],         [1.18, 0.012, 4.2, 2], [1.18, 0.012, 5.2, 2], [1.18, 0.012, 6.2, 2] , [1.18, 0.012, 7.1, 2]   ,     [-1.18, 0.012, -7.5, 2], [-1.18, 0.012, -6.5, 2],[-1.18, 0.012, -5.5, 2], [-1.18, 0.012, -4.5, 2], [-1.18, 0.012, -3.6, 2], [-1.18, 0.012, -2.6, 2], [-1.18, 0.012, -1.6, 2],          [-1.18, 0.012, -0.6, 2], [-1.18, 0.012, 0.3, 2], [-1.18, 0.012, 1.3, 2], [1.18, 0.012, 2.3, 2], [-1.18, 0.012, 3.3, 2],         [-1.18, 0.012, 4.2, 2], [-1.18, 0.012, 5.2, 2], [-1.18, 0.012, 6.2, 2] ,[-1.18, 0.012 ,7.1, 2]    ],

"door_left": [
 {"objects": ["door_LB"],
 "pos": [0.0, 0.0, 0.0],
 "transform": [[0.08, 0.0, 1.0]]}
],

"door_right": [
 {"objects": ["door_RF"],
 "pos": [0.0, 0.0, 0.0],
 "transform": [[-0.08, 0.0, -1.0]]}
],

"renderLight": true,
"doCulling": true,
"smoothing": true,
"playerPos": [[-0.81, 0.2, 8.6], [-0, 0.2, -10.7]],
"bogiePos": [[0.0, 0.0, 8.2], [0.0, 0.0, -8.2]],

"customIconTexture": "minecraft:textures/train/Limited/icon_limit2.png",
"interiorLights": [
	{"pos": [0.0, 2.4, 4.0]},
	{"pos": [0.0, 2.4, -4.0]}],
"isSingleTrain":true,
"maxSpeed": [0.06, 0.12, 0.18, 0.24, 0.25],
  "rolling": 0.2,
"tags": "Korail",
"trainDistance": 11.8
}