{

"trainName": "ITX_Saemaeul_M12",

"trainType": "EC",

"trainModel2": { "modelFile": "ModelTrain_ITXSaemM.mqo",
                   "textures": [["mat1", "textures/train/ITX_Cheongchun/M12.png"], ["habu", "textures/train/Metro9/munder1.png"], ["chair", "textures/train/ITX_Cheongchun/chair.png"], ["pantograph", "textures/train/ITX_Cheongchun/TTK+20_p1.png"], ["tongro", "textures/train/kbnp_powercar/tongromak.png"], ["LCD", "textures/train/ITX_Cheongchun/LCD.png"]]},

"bogieModel2": { "modelFile": "DT71for1435.mqo",
                   "textures": [["default", "textures/train/DT71.png"]]},

"buttonTexture": "textures/train/ITX_Cheongchun/button_M2.png",

"soundScriptPath": "scripts/nopkorail_toshibaIGBT.js",
"sound_Horn": "sound_nopkr:train.rtm_klaxon0",
"sound_DoorClose": "sound_nopkr:train.rtm_HC_ITXSdoorclsb",
"sound_DoorOpen": "sound_nopkr:train.rtm_HC_ITXSdooropn",


"slotPos": [[1.18, 0.012, -7.5, 2], [1.18, 0.012, -6.5, 2],[1.18, 0.012, -5.5, 2], [1.18, 0.012, -4.5, 2], [1.18, 0.012, -3.6, 2], [1.18, 0.012, -2.6, 2], [1.18, 0.012, -1.6, 2],          [1.18, 0.012, -0.6, 2], [1.18, 0.012, 0.3, 2], [1.18, 0.012, 1.3, 2], [1.15, 0.012, 2.3, 2], [1.18, 0.012, 3.3, 2],         [1.18, 0.012, 4.2, 2], [1.18, 0.012, 5.2, 2], [1.18, 0.012, 6.2, 2] , [1.18, 0.012, 7.1, 2]   ,     [-1.18, 0.012, -7.5, 2], [-1.18, 0.012, -6.5, 2],[-1.18, 0.012, -5.5, 2], [-1.18, 0.012, -4.5, 2], [-1.18, 0.012, -3.6, 2], [-1.18, 0.012, -2.6, 2], [-1.18, 0.012, -1.6, 2],          [-1.18, 0.012, -0.6, 2], [-1.18, 0.012, 0.3, 2], [-1.18, 0.012, 1.3, 2], [1.18, 0.012, 2.3, 2], [-1.18, 0.012, 3.3, 2],         [-1.18, 0.012, 4.2, 2], [-1.18, 0.012, 5.2, 2], [-1.18, 0.012, 6.2, 2] ,[-1.18, 0.012 ,7.1, 2]    ], 

"interiorLights": [
{
"pos": [0.0, 2.5, 8.0]
},
{
"pos": [0.0, 2.5, -8.0]
}
],

"pantograph_front": [
{"objects": ["obj2"],	"pos": [0.0, 3.0828, 7.7140],	"transform": [[-25, 1.0, 0.0, 0.0]],
"childParts": [
	{"objects": ["panto1_up"],	"pos": [0.0, 3.7015, 6.3160],	"transform": [[49, 1.0, 0.0, 0.0]],
	"childParts": [
		{"objects": ["obj1"],	"pos": [0.0, 4.5820,8.0700],	"transform": [[-24, 1.0, 0.0, 0.0]]},
		{"objects": ["obj3"],	"pos": [0.0, 3.5950,6.0714],	"transform": [[-48, 1.0, 0.0, 0.0]]} ] },
{"objects": ["panta_D1_4"],	"pos": [0.0, 3.6084, -7.7523],	"transform": [[0.0, 0.0, 0.0, 0.0]]} ] }

],

"rolling": 0.4,
"maxSpeed": [0.40, 0.84, 1.08, 1.88, 2.09],
 "accelerateion" : 0.0019 ,

"door_left": [
       {
           "objects": ["door_L"],
           "pos": [0.0, 0.0, 0.0],
           "transform": [
               [0.08, 0.0, 1.10]
           ],
           "childParts": []
       }
    
   ],
   "door_right": [
       {
           "objects": ["door_R"],
           "pos": [0.0, 0.0, 0.0],
           "transform": [
               [-0.08, 0.0, 1.10]
           ],
           "childParts": []
       }
      
   ], 

"customIconTexture": "minecraft:textures/train/ITX_Cheongchun/icon_itxsaemaeul.png",
"playerPos": [[0.8, 0.2, 9.2], [-0.8, 0.2, -9.2]],
"bogiePos": [[0.0, 0.0, 7.3], [0.0, 0.0, -7.3]],
"smoothing": true,
"tags": "Korail ITX",
"trainDistance": 10.3

}