{

"trainName": "ITX_Saemaeul_T12",

"trainType": "EC",

"trainModel2": { "modelFile": "ModelTrain_ITXSaemT.mqo",
                   "textures": [["mat1", "textures/train/ITX_Cheongchun/T12.png"], ["habu", "textures/train/Metro9/munder1.png"], ["chair", "textures/train/ITX_Cheongchun/chair.png"], ["phanto51", "textures/train/ITX_Cheongchun/phantono.png"], ["tongro", "textures/train/kbnp_powercar/tongromak.png"], ["LCD", "textures/train/ITX_Cheongchun/LCD.png"]]},

"bogieModel2": { "modelFile": "DT71for1435.mqo",
                   "textures": [["default", "textures/train/DT71.png"]]},

"buttonTexture": "textures/train/ITX_Cheongchun/button_M2.png",

"soundScriptPath": "scripts/nopkorail_toshibaIGBT.js",
"sound_Horn": "sound_nopkr:train.rtm_klaxon0",
"sound_DoorClose": "sound_nopkr:train.rtm_HC_ITXSdoorclsb",
"sound_DoorOpen": "sound_nopkr:train.rtm_HC_ITXSdooropn",

"slotPos": [[1.18, 0.012, -7.5, 2], [1.18, 0.012, -6.5, 2],[1.18, 0.012, -5.5, 2], [1.18, 0.012, -4.5, 2], [1.18, 0.012, -3.6, 2], [1.18, 0.012, -2.6, 2], [1.18, 0.012, -1.6, 2],          [1.18, 0.012, -0.6, 2], [1.18, 0.012, 0.3, 2], [1.18, 0.012, 1.3, 2], [1.15, 0.012, 2.3, 2], [1.18, 0.012, 3.3, 2],         [1.18, 0.012, 4.2, 2], [1.18, 0.012, 5.2, 2], [1.18, 0.012, 6.2, 2] , [1.18, 0.012, 7.1, 2]   ,     [-1.18, 0.012, -7.5, 2], [-1.18, 0.012, -6.5, 2],[-1.18, 0.012, -5.5, 2], [-1.18, 0.012, -4.5, 2], [-1.18, 0.012, -3.6, 2], [-1.18, 0.012, -2.6, 2], [-1.18, 0.012, -1.6, 2],          [-1.18, 0.012, -0.6, 2], [-1.18, 0.012, 0.3, 2], [-1.18, 0.012, 1.3, 2], [1.18, 0.012, 2.3, 2], [-1.18, 0.012, 3.3, 2],         [-1.18, 0.012, 4.2, 2], [-1.18, 0.012, 5.2, 2], [-1.18, 0.012, 6.2, 2] ,[-1.18, 0.012 ,7.1, 2]    ],  

"interiorLights": [
{
"pos": [0.0, 2.5, 8.0]
},
{
"pos": [0.0, 2.5, -8.0]
}
],

"rolling": 0.4,
"maxSpeed": [0.40, 0.84, 1.08, 1.88, 2.09],
  "accelerateion" : 0.0019 ,


"door_left": [
       {
           "objects": ["door_L"],
           "pos": [0.0, 0.0, 0.0],
           "transform": [
               [0.08, 0.0, 1.10]
           ],
           "childParts": []
       }
    
   ],
   "door_right": [
       {
           "objects": ["door_R"],
           "pos": [0.0, 0.0, 0.0],
           "transform": [
               [-0.08, 0.0, 1.10]
           ],
           "childParts": []
       }
      
   ], 

"customIconTexture": "minecraft:textures/train/ITX_Cheongchun/icon_itxsaemaeul.png",
"playerPos": [[0.8, 0.2, 9.2], [-0.8, 0.2, -9.2]],
"bogiePos": [[0.0, 0.0, 7.3], [0.0, 0.0, -7.3]],
"smoothing": true,
"tags": "Korail ITX",
"trainDistance": 10.3

}