{

"trainName": "ITX_Cheongchun_2deck",

"trainType": "EC",


"trainModel2": { "modelFile": "ModelTrain_ITXcheongchun_2deck.mqo",
            "textures": [["badak", "textures/train/ITXCheongchun/badak1.png"],  
                                 ["chair", "textures/train/ITXCheongchun/chair.png"],
                                ["gray", "textures/train/ITXCheongchun/gray.png"],
["window5", "textures/train/ITXCheongchun/shadow.png", "AlphaBlend"],
["cheonjang", "textures/train/ITXCheongchun/cheonjang.png"],
["lightgray", "textures/train/ITXCheongchun/lightgray.png"],
["darkgray", "textures/train/ITXCheongchun/darkgray.png"],
["transparent", "textures/train/ITXCheongchun/transparent.png"],
["jibung", "textures/train/ITXCheongchun/jibung.png"],
["linemap", "textures/train/ITXCheongchun/linemap.png"],
["doorside", "textures/train/ITXCheongchun/doorside.png"],
["paechal", "textures/train/ITXCheongchun/paechal.png"],
["lineinfo", "textures/train/ITXCheongchun/lineinfo.png"],
["side", "textures/train/ITXCheongchun/side2deck.png"],
["mak", "textures/train/ITXCheongchun/mak.png"],
["side_1", "textures/train/ITXCheongchun/side2deck_1.png"],
["backin", "textures/train/ITXCheongchun/backin.png"],
["white", "textures/train/ITXCheongchun/white.png"],
["silver", "textures/train/ITXCheongchun/silver.png"],
["sonjabi", "textures/train/ITXCheongchun/sonjabi.png"],
["LCD", "textures/train/ITXCheongchun/LCD.png"],
["chair1", "textures/train/ITXCheongchun/chair1.png"],
["canmagi", "textures/train/ITXCheongchun/canmagi.png"],
["door", "textures/train/ITXCheongchun/door.png"],
["door_in", "textures/train/ITXCheongchun/door_in.png"]
]},

"bogieModel2": { "modelFile": "DT71for1435.mqo",
                   "textures": [["default", "textures/train/DT71.png"]]},

"buttonTexture": "textures/train/ITXCheongchun/button_2deck.png",

"soundScriptPath": "scripts/nopkorail_toshibaIGBT.js",
"sound_Horn": "sound_nopkr:train.rtm_klaxon0",
"sound_DoorClose": "sound_nopkr:train.rtm_HC_ITXSdoorclsb",
"sound_DoorOpen": "sound_nopkr:train.rtm_HC_ITXSdooropn",

"door_left": [
 {"objects": ["door_LF"],
 "pos": [0.0, 0.0, 0.0],
 "transform": [[0.06, 0.0, 1.0]]},
 {"objects": ["door_LB"],
 "pos": [0.0, 0.0, 0.0],
 "transform": [[0.06, 0.0, -1.0]]}
],

"door_right": [
 {"objects": ["door_RF"],
 "pos": [0.0, 0.0, 0.0],
 "transform": [[-0.06, 0.0, 1.0]]},
 {"objects": ["door_RB"],
 "pos": [0.0, 0.0, 0.0],
 "transform": [[-0.06, 0.0, -1.0]]}
],

"interiorLights": [
		{
			"pos": [0.0, 2.5, 7.0]
		},
		{
			"pos": [0.0, 2.5, -7.0]
		}
	],

"seatPos": [

			[14, -12, 50, 2], [14, -12, 30, 2], [14, -12, 10, 2], [14, -12, -50, 2], [14, -12, -30, 2], [14, -12, -10, 2],
			[-14, -12, 50, 2], [-14, -12, 30, 2], [-14, -12, 10, 2], [-14, -12, -50, 2], [-14, -12, -30, 2], [-14, -12, -10, 2],

			[14, 16, 50, 2], [14, 16, 30, 2], [14, 16, 10, 2], [14, 16, -10, 2], [14, 16, -30, 2], [14, 16, -50, 2],
			[-14, 16, 50, 2], [-14, 16, 30, 2], [-14, 16, 10, 2], [-14, 16, -10, 2], [-14, 16, -30, 2], [-14, 16, -50, 2]

			],


  "accelerateion" : 0.00191,
"customIconTexture": "minecraft:textures/train/ITXCheongchun/icon_itxcheongchun.png",
"maxSpeed": [0.347, 0.625, 0.833, 1.111, 2.77],
"renderLight": true,
"smoothing": true,
"playerPos": [[0.0, 0.2, 9.2], [0.0, 0.2, -9.2]],
"bogiePos": [[0.0, 0.0, 7.0], [0.0, 0.0, -7.0]],
"tags": "Korail ITX",
"trainDistance": 10

}