{

"trainName": "ndcchold_m",

"trainType": "DC",

"trainModel2": { "modelFile": "ModelTrain_ndcm.mqo",
                   "textures": [["habu", "textures/train/NDC/habu.png"],
["haengseon", "textures/train/NDC/haengseon.png"],
["gray", "textures/train/NDC/gray.png"],
["badak", "textures/train/NDC/badak.png"],
["chair", "textures/train/NDC/chair.png"],
["side", "textures/train/NDC/msideold.png"],
["white", "textures/train/NDC/white.png"],
["red", "textures/train/NDC/red.png"],
["black", "textures/train/NDC/black.png"],
["tongrodoor", "textures/train/NDC/tongrodoor.png"],
["silver", "textures/train/NDC/silver.png"],
["cheonjang", "textures/train/NDC/cheonjang.png"],
["jibung", "textures/train/NDC/jibung.png"],
["mak", "textures/train/NDC/mak.png"],
["keoteun", "textures/train/NDC/keoteun.png"],
["side_1", "textures/train/NDC/msideold.png"],
["aircon", "textures/train/NDC/aircon.png"],
["toiletdoor", "textures/train/NDC/toiletdoor.png"],
["darksilver", "textures/train/NDC/darksilver.png"]
]},

"bogieModel2": { "modelFile": "ModelBogie_DT211.mqo",
                   "textures": [["default", "textures/train/DT138nop.png"]]},

"buttonTexture": "textures/train/NDC/button_ndcold.png",

"sound_Stop": "train.rtm_dc40r_stn",
  "sound_S_A": "train.rtm_dc40r_go-a",
  "sound_Acceleration": "train.rtm_dc40r_a",
  "sound_Deceleration": "train.rtm_dc40r_i",
  "sound_D_S": "train.rtm_dc40r_i-stop",
  "sound_Horn": "train.rtm_wh_00l",
"sound_DoorOpen": "sound_nopkr:train.Ccloud_airdooropen",
"sound_DoorClose": "sound_nopkr:train.Ccloud_airdoorclose",

"sound_Announcement": [["Eolindal", "sound_nopkr:train.rtm_Eolindal"],["BomSonagi", "sound_nopkr:train.rtm_Springshower"],
["Naljakuna", "sound_nopkr:train.rtm_Naljakuna"]],

"slotPos": [[1.18, 0.012, -7.5, 2], [1.18, 0.012, -6.5, 2],[1.18, 0.012, -5.5, 2], [1.18, 0.012, -4.5, 2], [1.18, 0.012, -3.6, 2], [1.18, 0.012, -2.6, 2], [1.18, 0.012, -1.6, 2],          [1.18, 0.012, -0.6, 2], [1.18, 0.012, 0.3, 2], [1.18, 0.012, 1.3, 2], [1.15, 0.012, 2.3, 2], [1.18, 0.012, 3.3, 2],         [1.18, 0.012, 4.2, 2], [1.18, 0.012, 5.2, 2], [1.18, 0.012, 6.2, 2] , [1.18, 0.012, 7.1, 2]   ,     [-1.18, 0.012, -7.5, 2], [-1.18, 0.012, -6.5, 2],[-1.18, 0.012, -5.5, 2], [-1.18, 0.012, -4.5, 2], [-1.18, 0.012, -3.6, 2], [-1.18, 0.012, -2.6, 2], [-1.18, 0.012, -1.6, 2],          [-1.18, 0.012, -0.6, 2], [-1.18, 0.012, 0.3, 2], [-1.18, 0.012, 1.3, 2], [1.18, 0.012, 2.3, 2], [-1.18, 0.012, 3.3, 2],         [-1.18, 0.012, 4.2, 2], [-1.18, 0.012, 5.2, 2], [-1.18, 0.012, 6.2, 2] ,[-1.18, 0.012 ,7.1, 2]    ],

"door_left": [
 {"objects": ["door_LF"],
 "pos": [0.0, 0.0, 0.0],
 "transform": [[0.08, 0.0, -0.9]]},
 {"objects": ["door_LB"],
 "pos": [0.0, 0.0, 0.0],
 "transform": [[0.08, 0.0, 0.9]]}
],

"door_right": [
 {"objects": ["door_RF"],
 "pos": [0.0, 0.0, 0.0],
 "transform": [[-0.08, 0.0, -0.9]]},
 {"objects": ["door_RB"],
 "pos": [0.0, 0.0, 0.0],
 "transform": [[-0.08, 0.0, 0.9]]}
],

"interiorLights": [
	{"pos": [0.0, 2.4, 4.0]},
	{"pos": [0.0, 2.4, -4.0]}],

"customIconTexture": "minecraft:textures/train/NDC/icon_ndc.png",
"renderLight": true, "smoothing": true,
"playerPos": [[0.0, 0.15, 9.8], [-0.0, 0.15, -9.8]],
"bogiePos": [[0.0, 0.0, 7.3], [0.0, 0.0, -7.3]],
"tags": "Korail",
"trainDistance": 10.75

}