{

"trainName": "korail150000_phanto2",

"trainType": "EC",


"trainModel2": { "modelFile": "ModelTrain_korail150000_phanto2.mqo",
            "textures": [
                                ["gray", "textures/train/ITXCheongchun/gray.png"],
["lightgray", "textures/train/ITXCheongchun/lightgray.png"],
["darkgray", "textures/train/ITXCheongchun/darkgray.png"],
["window5", "textures/train/ITXCheongchun/shadow.png", "AlphaBlend"],
["linemap", "textures/train/ITXCheongchun/linemap.png"],
["paechal", "textures/train/ITXCheongchun/paechal.png"],
["mak", "textures/train/ITX_Cheongchun/mak.png"],
["backin", "textures/train/ITX_Cheongchun/backin.png"],
["white", "textures/train/ITXCheongchun/white.png"],
["canmagi", "textures/train/ITX_Cheongchun/canmagi.png"],
["canmagi1", "textures/train/ITX_Cheongchun/canmagi_1.png"],
["jibung1", "textures/train/ITX_Cheongchun/jibung1.png"],
["cheonjang", "textures/train/ITX_Cheongchun/cheonjang.png"],
["badak", "textures/train/ITX_Cheongchun/badak1.png"],
["chair", "textures/train/ITX_Cheongchun/chair2.png"],
["screen", "textures/train/ITX_Cheongchun/screen.png"],
["sub", "textures/train/korailclass8000/sub.png"],
["item", "textures/train/korailclass8000/item.png"],
["aircon", "textures/train/ITX_Cheongchun/aircon.png"],
["Undera", "textures/train/ITXCheongchun/underan.png"],
["eumside", "textures/train/ITX_Cheongchun/eumside.png"],
["eumblue", "textures/train/ITX_Cheongchun/eumblue.png"],
["black", "textures/train/Limited/black.png"],
["window", "textures/train/Limited/window.png", "AlphaBlend"],
["toilet", "textures/train/ITXCheongchun/toilet.png"],
["door", "textures/train/ITX_Cheongchun/door.png"],
["sideled", "textures/train/ITX_Cheongchun/sideled.png"],
["eumblack", "textures/train/ITX_Cheongchun/eumblack.png"],
["door_u", "textures/train/ITX_Cheongchun/door_u.png"],
["doorbutton", "textures/train/ITX_Cheongchun/doorbutton.png"],
["pan_box", "textures/train/ITX_Cheongchun/pan_box.png"]
]},

"bogieModel2": { "modelFile": "WDT59for1435eum.mqo",
                   "textures": [["DT138", "textures/train/DT138shin.png"]]},

"buttonTexture": "textures/train/ITX_Cheongchun/button_eump2.png",

"muteJointSound": true,
"soundScriptPath": "scripts/nopkorail_toshibaIGBT.js",
"sound_Horn": "sound_nopkr:train.rtm_klaxon0",
"sound_DoorClose": "sound_nopkr:train.rtm_HC_ITXSdoorclsb",
"sound_DoorOpen": "sound_nopkr:train.rtm_HC_ITXSdooropn",

"door_left": [
 {"objects": ["door_L"],
 "pos": [0.0, 0.0, 0.0],
 "transform": [[0.09, 0.0, 1.0]]},
{"objects": ["door_LU"],
 "pos": [0.0, 0.0, 0.0],
 "transform": [[0.31, 0.0, 0.0]]},
{"objects": ["door_LU2"],
 "pos": [0.0, 0.0, 0.0],
 "transform": [[0.12, 0.0, 0.0]]}
],

"door_right": [
 {"objects": ["door_R"],
 "pos": [0.0, 0.0, 0.0],
 "transform": [[-0.09, 0.0, 1.0]]},
{"objects": ["door_RU"],
 "pos": [0.0, 0.0, 0.0],
 "transform": [[-0.31, 0.0, 0.0]]},
{"objects": ["door_RU2"],
 "pos": [0.0, 0.0, 0.0],
 "transform": [[-0.12, 0.0, 0.0]]}
],

"interiorLights": [
		{
			"pos": [0.0, 2.5, 7.0]
		},
		{
			"pos": [0.0, 2.5, -7.0]
		}
	],

"slotPos": [[1.18, -0.12, -7.5, 2], [1.18, -0.12, -6.5, 2],[1.18, -0.12, -5.5, 2], [1.18, -0.12, -4.5, 2], [1.18, -0.12, -3.6, 2], [1.18, -0.12, -2.6, 2], [1.18, -0.12, -1.6, 2],
[1.18, -0.12, -0.6, 2], [1.18, -0.12, 0.3, 2], [1.18, -0.12, 1.3, 2], [1.15, -0.12, 2.3, 2], [1.18, -0.12, 3.3, 2],
[1.18, -0.12, 4.2, 2], [1.18, -0.12, 5.2, 2], [1.18, -0.12, 6.2, 2] , [1.18, -0.12, 7.1, 2],
[-1.18, -0.12, -7.5, 2], [-1.18, -0.12, -6.5, 2],[-1.18, -0.12, -5.5, 2], [-1.18, -0.12, -4.5, 2],
[-1.18, -0.12, -3.6, 2], [-1.18, -0.12, -2.6, 2], [-1.18, -0.12, -1.6, 2],
[-1.18, -0.12, -0.6, 2], [-1.18, -0.12, 0.3, 2], [-1.18, -0.12, 1.3, 2], [1.18, -0.12, 2.3, 2], [-1.18, -0.12, 3.3, 2],
[-1.18, -0.12, 4.2, 2], [-1.18, -0.12, 5.2, 2], [-1.18, -0.12, 6.2, 2] ,[-1.18, -0.12, 7.1, 2]],


  "accelerateion" : 0.00191,
"customIconTexture": "minecraft:textures/train/ITX_Cheongchun/icon_eum.png",
"maxSpeed": [0.40, 1.38, 2.08, 2.77, 3.75],
"renderLight": true,
"smoothing": true,
"playerPos": [[-0.81, 0.2, 8.6], [-0, 0.2, -10.7]],
"bogiePos": [[0.0, 0.0, 8.2], [0.0, 0.0, -8.2]],
"tags": "EUM",
"trainDistance": 12

}