{

"trainName": "korailclass8000",

"trainType": "EC",

"trainModel2": { "modelFile": "ModelTrain_korailclass8000.mqo",
                   "textures": [["badak", "textures/train/korailclass8000/badak.png"], 
["black", "textures/train/korailclass8000/black.png"],
["gray", "textures/train/korailclass8000/gray.png"],
["lightgray", "textures/train/korailclass8000/lightgray.png"],
["side", "textures/train/korailclass8000/side.png"],
["gril", "textures/train/korailclass8000/gril.png"],
["blue", "textures/train/korailclass8000/blue.png"],
["sadari", "textures/train/korailclass8000/sadari.png"],
["DT21", "textures/train/DT138nop.png"],
["red", "textures/train/korailclass8000/red.png"],
["front", "textures/train/korailclass8000/front.png"],
["jibung", "textures/train/korailclass8000/jibung.png"],
["aircon", "textures/train/korailclass8000/aircon.png"],
["wiper1", "textures/train/NDC/wiper1.png"],
["wiper2", "textures/train/NDC/wiper2.png"],
["sub", "textures/train/korailclass8000/sub.png"],
["item", "textures/train/korailclass8000/item.png"],
["badakmit", "textures/train/NDC/badakmit.png"],
["cdcblack", "textures/train/NDC/cdcblack.png"],
["gray_1", "textures/train/NDC/gray_1.png"],
["gray_2", "textures/train/NDC/gray_2.png"],
["gray_4", "textures/train/NDC/gray_4.png"],
["cdcwhite", "textures/train/NDC/cdcwhite.png"],
["cdcred", "textures/train/NDC/red.png"],
["side_1", "textures/train/korailclass8000/side_1.png"],
["gray_5", "textures/train/NDC/bumpergray.png"],
["light_off", "textures/train/NDC/main_light0.png"],
["light_main", "textures/train/NDC/main_light0.png"],
["white", "textures/train/korailclass8000/white.png"],
["number", "textures/train/korailclass8000/number.png"],
["uija", "textures/train/NDC/uija.png"],
["paechal", "textures/train/korailclass8000/paechal.png"],
["transparent", "textures/train/curvedpowercar/transparent.png"]
]},

"bogieModel2": { "modelFile": "ModelBogie_DT211.mqo",
                   "textures": [["DT21", "textures/train/DT138nop.png"]]},

"buttonTexture": "textures/train/korailclass8000/button_8000.png",

"soundScriptPath": "scripts/nopkorail_jeohang.js",
"sound_BrakeRelease": "train.o220_release",
"sound_Horn": "train.rtm_wh_00l",

"sound_Announcement": [["Eolindal", "sound_nopkr:train.rtm_Eolindal"],["BomSonagi", "sound_nopkr:train.rtm_Springshower"],
["Naljakuna", "sound_nopkr:train.rtm_Naljakuna"]],

"seatPos": [[0, 0, 0, 0]],

"interiorLights": [
{
"pos": [0.0, 2.5, 8.0]
},
{
"pos": [0.0, 2.5, -8.0]
}
],

"rolling": 0.4,
  "accelerateion" : 0.0019 ,

"customIconTexture": "minecraft:textures/train/korailclass8000/icon_8000.png",
"playerPos": [[0.8, 0.4, 9.2], [-0.8, 0.4, -9.2]],
"bogiePos": [[0.0, 0.0, 7.3], [0.0, 0.0, -7.3]],
"smoothing": true,
"tags": "Korail8000",
"trainDistance": 10.9

}