{

"trainName": "ITX_Cheongchun_m2",

"trainType": "EC",


"trainModel2": { "modelFile": "ModelTrain_ITXcheongchun_m2.mqo",
            "textures": [
                                ["gray", "textures/train/ITXCheongchun/gray.png"],
["lightgray", "textures/train/ITXCheongchun/lightgray.png"],
["darkgray", "textures/train/ITXCheongchun/darkgray.png"],
["window5", "textures/train/ITXCheongchun/shadow.png", "AlphaBlend"],
["linemap", "textures/train/ITXCheongchun/linemap.png"],
["paechal", "textures/train/ITXCheongchun/paechal.png"],
["mak", "textures/train/ITXCheongchun/mak.png"],
["backin", "textures/train/ITXCheongchun/backin.png"],
["white", "textures/train/ITXCheongchun/white.png"],
["silver", "textures/train/ITXCheongchun/silver.png"],
["sonjabi", "textures/train/ITXCheongchun/sonjabi.png"],
["LCD", "textures/train/ITXCheongchun/LCD.png"],
["chair1", "textures/train/ITXCheongchun/chair1.png"],
["canmagi", "textures/train/ITXCheongchun/canmagi.png"],
["canmagi1", "textures/train/ITXCheongchun/canmagi_1.png"],
["door", "textures/train/ITXCheongchun/door1.png"],
["door_in", "textures/train/ITXCheongchun/door_in.png"],
["jibung1", "textures/train/ITXCheongchun/jibung1.png"],
["cheonjang", "textures/train/ITXCheongchun/cheonjang.png"],
["badak", "textures/train/ITXCheongchun/badak1.png"],
["chair", "textures/train/ITXCheongchun/chair.png"],
["side", "textures/train/ITXCheongchun/sidem.png"],
["screen", "textures/train/ITXCheongchun/screen.png"],
["toiletdoor", "textures/train/ITXCheongchun/toiletdoor.png"],
["aircon", "textures/train/ITXCheongchun/aircon.png"],
["side_1", "textures/train/ITXCheongchun/sidem_2.png"],
["Undera", "textures/train/ITXCheongchun/underan.png"],
["habu", "textures/train/Metro9/munder1.png"],
["vending", "textures/train/ITXCheongchun/vending.png"]
]},

"bogieModel2": { "modelFile": "DT71for1435.mqo",
                   "textures": [["default", "textures/train/DT71.png"]]},

"buttonTexture": "textures/train/ITXCheongchun/button_wc.png",

"soundScriptPath": "scripts/nopkorail_toshibaIGBT.js",
"sound_Horn": "sound_nopkr:train.rtm_klaxon0",
"sound_DoorClose": "sound_nopkr:train.rtm_HC_ITXSdoorclsb",
"sound_DoorOpen": "sound_nopkr:train.rtm_HC_ITXSdooropn",

"door_left": [
 {"objects": ["door_LF"],
 "pos": [0.0, 0.0, 0.0],
 "transform": [[0.06, 0.0, 1.0]]},
 {"objects": ["door_LB"],
 "pos": [0.0, 0.0, 0.0],
 "transform": [[0.06, 0.0, -1.0]]}
],

"door_right": [
 {"objects": ["door_RF"],
 "pos": [0.0, 0.0, 0.0],
 "transform": [[-0.06, 0.0, 1.0]]},
 {"objects": ["door_RB"],
 "pos": [0.0, 0.0, 0.0],
 "transform": [[-0.06, 0.0, -1.0]]}
],

"interiorLights": [
		{
			"pos": [0.0, 2.5, 7.0]
		},
		{
			"pos": [0.0, 2.5, -7.0]
		}
	],

"slotPos": [[1.18, -0.02, -7.5, 2], [1.18, -0.02, -6.5, 2],[1.18, -0.02, -5.5, 2], [1.18, -0.02, -4.5, 2], [1.18, -0.02, -3.6, 2], [1.18, -0.02, -2.6, 2], [1.18, -0.02, -1.6, 2],          [1.18, -0.02, -0.6, 2], [1.18, -0.02, 0.3, 2], [1.18, -0.02, 1.3, 2], [1.15, -0.02, 2.3, 2], [1.18, -0.02, 3.3, 2],         [1.18, -0.02, 4.2, 2], [1.18, -0.02, 5.2, 2], [1.18, -0.02, 6.2, 2] , [1.18, -0.02, 7.1, 2]   ,     [-1.18, -0.02, -7.5, 2], [-1.18, -0.02, -6.5, 2],[-1.18, -0.02, -5.5, 2], [-1.18, -0.02, -4.5, 2], [-1.18, -0.02, -3.6, 2], [-1.18, -0.02, -2.6, 2], [-1.18, -0.02, -1.6, 2],          [-1.18, -0.02, -0.6, 2], [-1.18, -0.02, 0.3, 2], [-1.18, -0.02, 1.3, 2], [1.18, -0.02, 2.3, 2], [-1.18, -0.02, 3.3, 2],         [-1.18, -0.02, 4.2, 2], [-1.18, -0.02, 5.2, 2], [-1.18, -0.02, 6.2, 2] ,[-1.18, -0.02, 7.1, 2]    ],


  "accelerateion" : 0.00191,
"maxSpeed": [0.347, 0.625, 0.833, 1.111, 2.77],
"customIconTexture": "minecraft:textures/train/ITXCheongchun/icon_itxcheongchun.png",
"renderLight": true,
"smoothing": true,
"playerPos": [[0.0, 0.2, 9.2], [0.0, 0.2, -9.2]],
"bogiePos": [[0.0, 0.0, 7.0], [0.0, 0.0, -7.0]],
"tags": "Korail ITX",
"trainDistance": 10

}