{

"trainName": "tongilch_mug",

"trainType": "DC",

"trainModel2": { "modelFile": "ModelTrain_tongilch.mqo",
                   "textures": [["habu", "textures/train/NDC/habu.png"],
["haengseon", "textures/train/Limited/son1.png"],
["gray", "textures/train/NDC/gray.png"],
["badak", "textures/train/Tongilho_ch/badak.png"],
["white", "textures/train/NDC/white.png"],
["red", "textures/train/NDC/red.png"],
["black", "textures/train/NDC/black.png"],
["tongrodoor", "textures/train/NDC/tongrodoor.png"],
["silver", "textures/train/NDC/silver.png"],
["cheonjang", "textures/train/NDC/cheonjang.png"],
["jibung", "textures/train/NDC/jibung.png"],
["toiletdoor", "textures/train/NDC/toiletdoor.png"],
["darksilver", "textures/train/NDC/darksilver.png"],
["tongroblack", "textures/train/curvedpowercar/black.png"],
["tongrosilver", "textures/train/curvedpowercar/silver.png"],
["aircon", "textures/train/Tongilho_ch/aircon.png"],
["chairimsi", "textures/train/Tongilho_ch/chairimsi2.png"],
["side", "textures/train/Tongilho_ch/sidemug.png"],
["bottom", "textures/train/postcar/bottom.png"]
]},

"bogieModel2": { "modelFile": "ModelBogie_DT22.mqo",
                   "textures": [["default", "textures/train/DT138nop.png"]]},

"buttonTexture": "textures/train/Tongilho_ch/button_Tongilho.png",

"sound_S_A": "sound_nopkr:train.rtm_trailer",
  "sound_Acceleration": "sound_nopkr:train.rtm_trailer",
  "sound_Deceleration": "sound_nopkr:train.rtm_trailer",
  "sound_D_S": "sound_nopkr:train.rtm_trailer",

"sound_DoorOpen": "sound_nopkr:train.Ccloud_airdooropen",
"sound_DoorClose": "sound_nopkr:train.Ccloud_airdoorclose",

"sound_Announcement": [["Eolindal", "sound_nopkr:train.rtm_Eolindal"],["BomSonagi", "sound_nopkr:train.rtm_Springshower"],
["Naljakuna", "sound_nopkr:train.rtm_Naljakuna"]],

"slotPos": [[1.18, 0.012, -7.5, 2], [1.18, 0.012, -6.5, 2],[1.18, 0.012, -5.5, 2], [1.18, 0.012, -4.5, 2], [1.18, 0.012, -3.6, 2], [1.18, 0.012, -2.6, 2], [1.18, 0.012, -1.6, 2],          [1.18, 0.012, -0.6, 2], [1.18, 0.012, 0.3, 2], [1.18, 0.012, 1.3, 2], [1.15, 0.012, 2.3, 2], [1.18, 0.012, 3.3, 2],         [1.18, 0.012, 4.2, 2], [1.18, 0.012, 5.2, 2], [1.18, 0.012, 6.2, 2] , [1.18, 0.012, 7.1, 2]   ,     [-1.18, 0.012, -7.5, 2], [-1.18, 0.012, -6.5, 2],[-1.18, 0.012, -5.5, 2], [-1.18, 0.012, -4.5, 2], [-1.18, 0.012, -3.6, 2], [-1.18, 0.012, -2.6, 2], [-1.18, 0.012, -1.6, 2],          [-1.18, 0.012, -0.6, 2], [-1.18, 0.012, 0.3, 2], [-1.18, 0.012, 1.3, 2], [1.18, 0.012, 2.3, 2], [-1.18, 0.012, 3.3, 2],         [-1.18, 0.012, 4.2, 2], [-1.18, 0.012, 5.2, 2], [-1.18, 0.012, 6.2, 2] ,[-1.18, 0.012 ,7.1, 2]    ],

"door_left": [
        {"objects": ["door_LF"],
        "pos": [1.3444, 0.0, 9.3763],
        "transform": [[-88.0 , 0.0, 1.0, 0.0]],
        "childParts": []},
        {"objects": ["door_LB"],
        "pos": [1.3444, 0.0, -9.3814],
        "transform": [[88.0 , 0.0, 1.0, 0.0]],
        "childParts": []}
    ],
        "door_right": [
        {"objects": ["door_RF"],
        "pos": [-1.3444, 0.0, 9.3763],
        "transform": [[88.0 , 0.0, 1.0, 0.0]],
        "childParts": []},
        {"objects": ["door_RB"],
        "pos": [-1.3444, 0.0, -9.3814],
        "transform": [[-88.0 , 0.0, 1.0, 0.0]],
        "childParts": []}
    ],

"interiorLights": [
	{"pos": [0.0, 2.4, 4.0]},
	{"pos": [0.0, 2.4, -4.0]}],

"renderLight": true, "smoothing": true,
"playerPos": [[0.0, 0.15, 9.6], [-0.0, 0.15, -9.6]],
"bogiePos": [[0.0, 0.0, 7.3], [0.0, 0.0, -7.3]],
"tags": "Korail",
"trainDistance": 10.75

}