{
"trainName": "CloudPack_PRO28_limited_DEL_G_hcpack",
"trainType": "DC",
"trainModel2": { "modelFile": "ModelTrain_7X00_DEL_PART_MODEL2-7500.mqo",
                   "textures": [["default", "textures/train/DEL/7x00_g.png", "Light"]]},
"bogieModel2": { "modelFile": "ModelBogie_18-5782b.mqo",
                   "textures": [["default", "textures/train/DT138nop.png"]]},
"buttonTexture": "textures/train/DEL/button_DEL75.png",
"sound_Stop": "sound_nopkr:train.rtm_HC_idle",
  "sound_S_A": "sound_nopkr:train.rtm_HC_verybig_1",
  "sound_Acceleration": "sound_nopkr:train.rtm_HC_verybig_a",
  "sound_Deceleration": "train.rtm_dc40r_i",
  "sound_D_S": "sound_nopkr:train.rtm_HC_verybig_3",
  "sound_BrakeRelease": "train.brakeR_w",
  "sound_BrakeRelease2": "train.brakeR_w",
  "sound_Horn": "train.rtm_wh_00l",

"sound_Announcement": [["Eolindal", "sound_nopkr:train.rtm_Eolindal"],["BomSonagi", "sound_nopkr:train.rtm_Springshower"],
["Naljakuna", "sound_nopkr:train.rtm_Naljakuna"]],
"seatPos": [[0, 0, 0, 0]],
"playerPos": [[-1.3, 0.3, 7.7], [-1.3, 0.3, 7.7]],
"bogiePos": [[0.0, 0.0, 6.2], [0.0, 0.0, -6.2]],
"rolling": 0.3,
"isSingleTrain":true,
"maxSpeed": [0.38, 0.63, 1.05, 1.56, 2.10],
"accelerateion" : 0.0009,
"tags": "Korail DEL",
"trainDistance": 9.8
}