{
"trainName": "limitedcoachhaerang",
"trainType": "DC",
"trainModel2": { "modelFile": "ModelTrain_limitedcoachhaerang.mqo",
                   "textures": [
["badak", "textures/train/Limited/badakhaerang.png"],
["gray", "textures/train/NDC/gray.png"],
["insidebrown", "textures/train/Limited/insidebrown.png"],
["white", "textures/train/NDC/white.png"],
["red", "textures/train/NDC/red.png"],
["black", "textures/train/Limited/black.png"],
["silver", "textures/train/NDC/silver.png"],
["cheonjang", "textures/train/Limited/cheonjanglimit.png"],
["jibung", "textures/train/Limited/jibungblue.png"],
["tongrodoor", "textures/train/NDC/tongrodoor.png"],
["side", "textures/train/Limited/limitedsidehaerang.png"],
["side_1", "textures/train/Limited/limitedsidehaerang_1.png"],
["darkgray", "textures/train/ITXCheongchun/darkgray.png"],
["canmagi", "textures/train/ITXCheongchun/canmagi.png"],
["canmagi1", "textures/train/ITXCheongchun/canmagi_1.png"],
["window", "textures/train/Limited/window.png", "AlphaBlend"],
["toilet", "textures/train/ITXCheongchun/toilet.png"],
["salgu", "textures/train/Limited/salgu.png"],
["wood", "textures/train/Limited/wood.png"],
["keoteun", "textures/train/NDC/keoteun.png"],
["tongrodoorwood", "textures/train/Limited/tongrodoorwood.png"],
["sofa", "textures/train/KoPresidentcoach/sofa.png"],
["chairbrown", "textures/train/Limited/chairbrown.png"],
["sansuhwa", "textures/train/Limited/sansuhwa.png"],
["screen", "textures/train/Limited/screen.png"],
["sub", "textures/train/Limited/sub.png"]
]},

"bogieModel3": [
  {
      "modelFile": "ModelBogie_curvedpowercar.mqo",
      "textures": [["default", "textures/train/bogiecurvedpowercar.png"]]
    },
    {
      "modelFile": "ModelBogie_curvedpowercar.mqo",
      "textures": [["default", "textures/train/bogiecurvedpowercar.png"]]
    }
],

"buttonTexture": "textures/train/Limited/button_Limitedbed.png",

  "sound_S_A": "sound_nopkr:train.rtm_trailer",
  "sound_Acceleration": "sound_nopkr:train.rtm_trailer",
  "sound_Deceleration": "sound_nopkr:train.rtm_trailer",
  "sound_D_S": "sound_nopkr:train.rtm_trailer",
"sound_DoorOpen": "sound_nopkr:train.Ccloud_airdooropen",
"sound_DoorClose": "sound_nopkr:train.Ccloud_airdoorclose",

"sound_Announcement": [["Eolindal", "sound_nopkr:train.rtm_Eolindal"],["BomSonagi", "sound_nopkr:train.rtm_Springshower"],
["Naljakuna", "sound_nopkr:train.rtm_Naljakuna"]],

"slotPos": [[0.8, 0.012, -7.5, 2], [0.8, 0.012, -6.5, 2],[0.8, 0.012, -5.5, 2], [0.8, 0.012, -4.5, 2], [0.8, 0.012, -3.6, 2], [0.8, 0.012, -2.6, 2], [0.8, 0.012, -1.6, 2],          [0.8, 0.012, -0.6, 2], [0.8, 0.012, 0.3, 2], [0.8, 0.012, 1.3, 2], [0.8, 0.012, 2.3, 2], [0.8, 0.012, 3.3, 2],         [0.8, 0.012, 4.2, 2], [0.8, 0.012, 5.2, 2], [0.8, 0.012, 6.2, 2] , [0.8, 0.012, 7.1, 2]   ,     [-0.1, 0.012, -7.5, 2], [-0.1, 0.012, -6.5, 2],[-0.1, 0.012, -5.5, 2], [-0.1, 0.012, -4.5, 2], [-0.1, 0.012, -3.6, 2], [-0.1, 0.012, -2.6, 2], [-0.1, 0.012, -1.6, 2],          [-0.1, 0.012, -0.6, 2], [-0.1, 0.012, 0.3, 2], [-0.1, 0.012, 1.3, 2], [0.1, 0.012, 2.3, 2], [-0.1, 0.012, 3.3, 2],         [-0.1, 0.012, 4.2, 2], [-0.1, 0.012, 5.2, 2], [-0.1, 0.012, 6.2, 2] ,[-0.1, 0.012 ,7.1, 2]    ],

"door_left": [
 {"objects": ["door_LB"],
 "pos": [0.0, 0.0, 0.0],
 "transform": [[0.08, 0.0, 1.0]]}
],

"door_right": [
 {"objects": ["door_RF"],
 "pos": [0.0, 0.0, 0.0],
 "transform": [[-0.08, 0.0, -1.0]]}
],

"renderLight": true,
"doCulling": true,
"smoothing": true,
"playerPos": [[-0.81, 0.2, 8.6], [-0, 0.2, -10.7]],
"bogiePos": [[0.0, 0.0, 8.2], [0.0, 0.0, -8.2]],

"customIconTexture": "minecraft:textures/train/Limited/icon_haerang.png",
"interiorLights": [
	{"pos": [0.0, 2.4, 4.0]},
	{"pos": [0.0, 2.4, -4.0]}],
"isSingleTrain":true,
"maxSpeed": [0.06, 0.12, 0.18, 0.24, 0.25],
  "rolling": 0.2,
"tags": "Korail",
"trainDistance": 11.8
}