{

"trainName": "Noorirosanta_MC",

"trainType": "EC",


"trainModel2": { "modelFile": "ModelTrain_korail200000mc.mqo",
            "textures": [
["door2", "textures/train/korail200000/co.png"],
["habu", "textures/train/Metro9/tcunder.png"],
["white", "textures/train/korail200000/white.png"],
["side", "textures/train/korail200000/sidesantafront.png"],
["window4", "textures/train/korail200000/window4.png", "AlphaBlend"],
["black", "textures/train/NDC/black.png"],
["gray", "textures/train/ITXCheongchun/gray.png"],
["lightgray", "textures/train/ITXCheongchun/lightgray.png"],
["darkgray", "textures/train/ITXCheongchun/darkgray.png"],
["window5-2", "textures/train/ITXCheongchun/shadow_tc.png", "AlphaBlend"],
["linemap", "textures/train/ITXCheongchun/linemap.png"],
["mak", "textures/train/ITXCheongchun/mak.png"],
["backin", "textures/train/ITXCheongchun/backin.png"],
["silver", "textures/train/ITXCheongchun/silver.png"],
["canmagi", "textures/train/ITXCheongchun/canmagi.png"],
["canmagi1", "textures/train/ITXCheongchun/canmagi_1.png"],
["jibung1", "textures/train/ITXCheongchun/jibung1.png"],
["cheonjang", "textures/train/ITXCheongchun/cheonjang.png"],
["badak", "textures/train/Limited/badaksae.png"],
["screen", "textures/train/ITXCheongchun/screen.png"],
["aircon", "textures/train/ITXCheongchun/aircon.png"],
["driverwall_out", "textures/train/ITXCheongchun/driverwall_ou.png"],
["driverwall_in", "textures/train/ITXCheongchun/driverwall_ou.png"],
["co", "textures/train/ITXCheongchun/co.png"],
["gray_1", "textures/train/ITXCheongchun/gray_1.png"],
["gray_6", "textures/train/ITXCheongchun/gray_6.png"],
["sadari", "textures/train/ITXCheongchun/bambase.png"],
["wiper1", "textures/train/NDC/wiper1.png"],
["wiper2", "textures/train/NDC/wiper2.png"],
["front", "textures/train/ITXCheongchun/front.png"],
["side_1", "textures/train/korail200000/sidesantafront.png"],
["chair", "textures/train/ITXCheongchun/chair.png"],
["frontdoor", "textures/train/korail200000/white.png"],
["door", "textures/train/korail200000/door.png"],
["skyblue", "textures/train/korail200000/skyblue.png"],
["noorirofront", "textures/train/korail200000/F_20s.png", "Light"]
]},

"bogieModel2": { "modelFile": "DT71for1435.mqo",
                   "textures": [["default", "textures/train/DT71.png"]]},

"buttonTexture": "textures/train/korail200000/button_santa.png",

"soundScriptPath": "scripts/nopkorail_toshibaIGBT.js",
"sound_Horn": "sound_nopkr:train.rtm_klaxon0",
"sound_DoorClose": "sound_nopkr:train.rtm_HC_ITXSdoorclsb",
"sound_DoorOpen": "sound_nopkr:train.rtm_HC_ITXSdooropn",

"sound_Announcement": [["Eolindal", "sound_nopkr:train.rtm_Eolindal"],["BomSonagi", "sound_nopkr:train.rtm_Springshower"],
["Naljakuna", "sound_nopkr:train.rtm_Naljakuna"]],

"door_left": [
 {"objects": ["door_LB"],
 "pos": [0.0, 0.0, 0.0],
 "transform": [[0.06, 0.0, 1.0]]}
],

"door_right": [
 {"objects": ["door_RB"],
 "pos": [0.0, 0.0, 0.0],
 "transform": [[-0.06, 0.0, 1.0]]}
],

"interiorLights": [
		{
			"pos": [0.0, 2.5, 7.0]
		},
		{
			"pos": [0.0, 2.5, -7.0]
		}
	],

"slotPos": [[1.18, -0.02, -7.5, 2], [1.18, -0.02, -6.5, 2],[1.18, -0.02, -5.5, 2], [1.18, -0.02, -4.5, 2], [1.18, -0.02, -3.6, 2], [1.18, -0.02, -2.6, 2], [1.18, -0.02, -1.6, 2],          [1.18, -0.02, -0.6, 2], [1.18, -0.02, 0.3, 2], [1.18, -0.02, 1.3, 2], [1.15, -0.02, 2.3, 2], [1.18, -0.02, 3.3, 2],         [1.18, -0.02, 4.2, 2], [1.18, -0.02, 5.2, 2], [1.18, -0.02, 6.2, 2] , [1.18, -0.02, 7.1, 2]   ,     [-1.18, -0.02, -7.5, 2], [-1.18, -0.02, -6.5, 2],[-1.18, -0.02, -5.5, 2], [-1.18, -0.02, -4.5, 2], [-1.18, -0.02, -3.6, 2], [-1.18, -0.02, -2.6, 2], [-1.18, -0.02, -1.6, 2],          [-1.18, -0.02, -0.6, 2], [-1.18, -0.02, 0.3, 2], [-1.18, -0.02, 1.3, 2], [1.18, -0.02, 2.3, 2], [-1.18, -0.02, 3.3, 2],         [-1.18, -0.02, 4.2, 2], [-1.18, -0.02, 5.2, 2], [-1.18, -0.02, 6.2, 2] ,[-1.18, -0.02, 7.1, 2]    ],


  "accelerateion" : 0.00191,
"customIconTexture": "minecraft:textures/train/korail200000/icon_nooriro.png",
"maxSpeed": [0.40, 0.84, 1.08, 1.88, 2.09],
"renderLight": true,
"smoothing": true,
"playerPos": [[0.2, 0.42, 9.2], [0.2, 0.42, 9.2]],
"bogiePos": [[0.0, 0.0, 6.7], [0.0, 0.0, -6.9]],
"tags": "Nooriro",
"trainDistance": 11.361

}