{

"trainName": "ITX_Saemaeul_Tsc3",

"trainType": "EC",

"trainModel2": { "modelFile": "ModelTrain_ITXSaemTc.mqo",
                   "textures": [["body", "textures/train/ITX_Cheongchun/TTK+ITXSaeMmTC.png", "Light"],["habu", "textures/train/Metro9/tcunder1.png"],["door2", "textures/train/ITX_Cheongchun/TTK+20_d2.png" ],["chair", "textures/train/ITX_Cheongchun/chair.png"],["LCD", "textures/train/ITX_Cheongchun/LCD.png"],["logo", "textures/train/ITX_Cheongchun/Saem_logo.png"]]},

"bogieModel2": { "modelFile": "DT71for1435.mqo",
                   "textures": [["default", "textures/train/DT71.png"]]},

"buttonTexture": "textures/train/ITX_Cheongchun/button_M2.png",

"soundScriptPath": "scripts/nopkorail_toshibaIGBT.js",
"sound_Horn": "sound_nopkr:train.rtm_klaxon0",
"sound_DoorClose": "sound_nopkr:train.rtm_HC_ITXSdoorclsb",
"sound_DoorOpen": "sound_nopkr:train.rtm_HC_ITXSdooropn",

"sound_Announcement": [["Eolindal", "sound_nopkr:train.rtm_Eolindal"],["BomSonagi", "sound_nopkr:train.rtm_Springshower"],
["Naljakuna", "sound_nopkr:train.rtm_Naljakuna"]],

"slotPos": [[1.17, 0.012, -7.2, 2], [1.17, 0.012, -6.2, 2],[1.17, 0.012, -5.2, 2], [1.17, 0.012, -4.2, 2], [1.17, 0.012, -3.6, 2], [1.17, 0.012, -2.6, 2], [1.17, 0.012, -1.6, 2],          [1.17, 0.012, -0.6, 2], [1.17, 0.012, 0.3, 2], [1.17, 0.012, 1.3, 2], [1.15, 0.012, 2.4, 2], [1.17, 0.012, 3.4, 2],         [1.17, 0.012, 4.3, 2], [1.17, 0.012, 5.4, 2], [1.17, 0.012, 6.3, 2]    ,     [-1.17, 0.012, -7.2, 2], [-1.17, 0.012, -6.2, 2],[-1.17, 0.012, -5.2, 2], [-1.17, 0.012, -4.2, 2], [-1.17, 0.012, -3.6, 2], [-1.17, 0.012, -2.6, 2], [-1.17, 0.012, -1.6, 2],          [-1.17, 0.012, -0.6, 2], [-1.17, 0.012, 0.3, 2], [-1.17, 0.012, 1.3, 2], [1.17, 0.012, 2.4, 2], [-1.17, 0.012, 3.4, 2],         [-1.17, 0.012, 4.3, 2], [-1.17, 0.012, 5.4, 2], [-1.17, 0.012, 6.3, 2]        ],           

"door_left": [
       {
           "objects": ["door_L"],
           "pos": [0.0, 0.0, 0.0],
           "transform": [
               [0.08, 0.0, 1.07]
           ],
           "childParts": []
       }
    
   ],
   "door_right": [
       {
           "objects": ["door_R"],
           "pos": [0.0, 0.0, 0.0],
           "transform": [
               [-0.08, 0.0, 1.07]
           ],
           "childParts": []
       }
      
   ], 

"interiorLights": [
{
"pos": [0.0, 2.5, 8.0]
},
{
"pos": [0.0, 2.5, -8.0]
}
],

"rolling": 0.4,
"maxSpeed": [0.40, 0.84, 1.08, 1.88, 2.09],
  "accelerateion" : 0.0019 ,

"customIconTexture": "minecraft:textures/train/ITX_Cheongchun/icon_itxsaemaeul.png",
"smoothing": true,
"playerPos": [[0.17, 0.121, 9.55], [0.17, 0.121, 9.55]],
"bogiePos": [[0.0, 0.0, 7.4], [0.0, 0.0, -8.4]],
"tags": "Korail ITX",
"trainDistance": 11.4

}